{"cameraMode":{"drawMode":0,"name":"Shaded","section":"Shading Mode"},"sceneLighting":true,"audioPlay":false,"sceneViewState":{"showFog":true,"showMaterialUpdate":false,"showSkybox":true,"showFlares":true,"showImageEffects":true,"showParticleSystems":true},"in2DMode":false,"pivot":{"x":-12.201147079467774,"y":4.09102201461792,"z":-0.3590572774410248},"rotation":{"x":-0.2416028380393982,"y":-0.7472216486930847,"z":0.35681188106536868,"w":-0.5059579610824585},"size":7.119740962982178,"orthographic":false}