{"cameraMode":{"drawMode":2,"name":"Shaded Wireframe","section":"Shading Mode"},"sceneLighting":true,"audioPlay":false,"sceneViewState":{"showFog":true,"showMaterialUpdate":false,"showSkybox":true,"showFlares":true,"showImageEffects":true,"showParticleSystems":true},"in2DMode":false,"pivot":{"x":-68.0903091430664,"y":88.6410140991211,"z":188.24322509765626},"rotation":{"x":-0.034512512385845187,"y":-0.8552811145782471,"z":0.057607367634773257,"w":-0.5139355659484863},"size":39.32747268676758,"orthographic":false}