{"cameraMode":{"drawMode":0,"name":"Shaded","section":"Shading Mode"},"sceneLighting":true,"audioPlay":false,"sceneViewState":{"showFog":true,"showMaterialUpdate":false,"showSkybox":true,"showFlares":true,"showImageEffects":true,"showParticleSystems":true},"in2DMode":false,"pivot":{"x":0.1717505007982254,"y":0.36987531185150149,"z":-0.10941243171691895},"rotation":{"x":0.023966481909155847,"y":-0.0509631410241127,"z":0.0012222963850945235,"w":0.9984148740768433},"size":2.1452343463897707,"orthographic":false}