{"cameraMode":{"drawMode":2,"name":"Shaded Wireframe","section":"Shading Mode"},"sceneLighting":true,"audioPlay":false,"sceneViewState":{"showFog":true,"showMaterialUpdate":false,"showSkybox":true,"showFlares":true,"showImageEffects":true,"showParticleSystems":true},"in2DMode":false,"pivot":{"x":-23.913118362426759,"y":10.486130714416504,"z":-55.086612701416019},"rotation":{"x":0.011514461599290371,"y":0.9880291223526001,"z":-0.09185117483139038,"w":0.12359510362148285},"size":69.10538482666016,"orthographic":false}