{"cameraMode":{"drawMode":2,"name":"Shaded Wireframe","section":"Shading Mode"},"sceneLighting":true,"audioPlay":false,"sceneViewState":{"showFog":true,"showMaterialUpdate":false,"showSkybox":true,"showFlares":true,"showImageEffects":true,"showParticleSystems":true},"in2DMode":false,"pivot":{"x":56.477108001708987,"y":86.41018676757813,"z":595.56884765625},"rotation":{"x":-0.013215326704084874,"y":-0.9437310695648193,"z":0.03795431926846504,"w":-0.3282899856567383},"size":4.041658401489258,"orthographic":false}