{"cameraMode":{"drawMode":2,"name":"Shaded Wireframe","section":"Shading Mode"},"sceneLighting":true,"audioPlay":false,"sceneViewState":{"showFog":true,"showMaterialUpdate":false,"showSkybox":true,"showFlares":true,"showImageEffects":true,"showParticleSystems":true},"in2DMode":false,"pivot":{"x":-49.870887756347659,"y":77.06077575683594,"z":206.5000457763672},"rotation":{"x":-0.10791897028684616,"y":-0.6821315884590149,"z":0.10295592993497849,"w":-0.71595698595047},"size":39.32747268676758,"orthographic":false}