{"cameraMode":{"drawMode":2,"name":"Shaded Wireframe","section":"Shading Mode"},"sceneLighting":true,"audioPlay":false,"sceneViewState":{"showFog":true,"showMaterialUpdate":false,"showSkybox":true,"showFlares":true,"showImageEffects":true,"showParticleSystems":true},"in2DMode":false,"pivot":{"x":-7.704070091247559,"y":203.8511962890625,"z":74.4654541015625},"rotation":{"x":0.006256565451622009,"y":-0.9791142344474793,"z":0.2013293355703354,"w":0.03005986660718918},"size":7.908095359802246,"orthographic":false}